Pollutant:,NOX,Unit: grams,,,,,,,,,,,,,,,,,,,,,,,,,,,,,,,,,,
,2015.0,2016.0,2017.0,2018.0,2019.0,2020.0,2021.0,2022.0,2023.0,2024.0,2025.0,2026.0,2027.0,2028.0,2029.0,2030.0,2031.0,2032.0,2033.0,2034.0,2035.0,2036.0,2037.0,2038.0,2039.0,2040.0,2041.0,2042.0,2043.0,2044.0,2045.0,2046.0,2047.0,2048.0,2049.0,2050.0
agriculture and forestry 01T03,0.0,0.0,0.0,0.0,0.0,78554.7201336675,79096.07351712615,79635.75605680869,84215.22309711286,85989.7934638986,86896.94511230412,87607.10973844257,88297.36907000614,88919.1942096528,89608.85906956637,90278.08622271966,90118.04294493218,90173.36498235891,89790.05354840016,89622.37723219504,89432.18891045197,89358.75880361427,89256.96439421439,89259.43535395294,89259.418679666,89256.83332988949,89223.07649229403,89350.18868744784,89441.79849781073,89574.96333922433,89814.40629826838,90577.56271551969,91353.87894651202,92151.71028925081,92844.0021370664,93553.88239539752
coal mining 05,0.0,0.0,0.0,0.0,0.0,0.0,0.0,0.0,0.0,0.0,0.0,0.0,0.0,0.0,0.0,0.0,0.0,0.0,0.0,0.0,0.0,0.0,0.0,0.0,0.0,0.0,0.0,0.0,0.0,0.0,0.0,0.0,0.0,0.0,0.0,0.0
oil and gas extraction 06,0.0,0.0,0.0,0.0,0.0,4312802.738898757,4390682.621669627,4160067.2840016535,4173635.802631579,4516155.532994883,4594324.657970933,4434781.729159656,4522707.9447092535,4664848.746671386,4765233.07524634,4895198.779161092,4987653.291417415,5063669.0700731175,5099592.445458908,5113545.673633532,5149887.374573489,5143214.843848461,5155235.797809563,5174706.958852201,5179381.1708479235,5264919.908114281,5284212.843178442,5331030.855967923,5343688.964758608,5366900.980995719,5406255.932106062,5449578.2754097665,5469583.063712358,5447417.688902246,5472110.6528532235,5521630.224130374
other mining and quarrying 07T08,0.0,0.0,0.0,0.0,0.0,0.0,0.0,0.0,0.0,0.0,0.0,0.0,0.0,0.0,0.0,0.0,0.0,0.0,0.0,0.0,0.0,0.0,0.0,0.0,0.0,0.0,0.0,0.0,0.0,0.0,0.0,0.0,0.0,0.0,0.0,0.0
food beverage and tobacco 10T12,0.0,0.0,0.0,0.0,0.0,0.0,0.0,0.0,0.0,0.0,0.0,0.0,0.0,0.0,0.0,0.0,0.0,0.0,0.0,0.0,0.0,0.0,0.0,0.0,0.0,0.0,0.0,0.0,0.0,0.0,0.0,0.0,0.0,0.0,0.0,0.0
textiles apparel and leather 13T15,0.0,0.0,0.0,0.0,0.0,0.0,0.0,0.0,0.0,0.0,0.0,0.0,0.0,0.0,0.0,0.0,0.0,0.0,0.0,0.0,0.0,0.0,0.0,0.0,0.0,0.0,0.0,0.0,0.0,0.0,0.0,0.0,0.0,0.0,0.0,0.0
wood products 16,0.0,0.0,0.0,0.0,0.0,0.0,0.0,0.0,0.0,0.0,0.0,0.0,0.0,0.0,0.0,0.0,0.0,0.0,0.0,0.0,0.0,0.0,0.0,0.0,0.0,0.0,0.0,0.0,0.0,0.0,0.0,0.0,0.0,0.0,0.0,0.0
pulp paper and printing 17T18,0.0,0.0,0.0,0.0,0.0,524730365.85365856,532286945.91728526,563951543.4729701,584388705.3477367,578505737.1695312,578014564.6352222,580249497.6442567,579782808.6091821,582209309.3036247,586185688.5257579,589202551.2254797,595072283.8504945,600756772.3184787,604188147.2531239,608547506.7679094,612773935.433933,613976294.793282,616324750.7172735,622263201.0989684,622591235.172517,628275350.7749927,636214689.7252867,642292292.4425784,646832178.0601875,649293630.7246482,651361833.0972643,653619563.3416687,653503876.5164788,654448404.5945941,656250753.1453305,658410251.2686251
refined petroleum and coke 19,0.0,0.0,0.0,0.0,0.0,3081889881.643591,3090726007.1460476,3100254462.8099174,2867746638.4632974,3752295983.188956,3943303183.547505,4166599176.6299872,4338664461.079296,4310170442.929087,4219594880.478521,4195698926.727125,4136482727.679445,4242033414.9486675,4266070356.311894,4258871717.0892015,4334122310.632738,4341438132.354782,4391559283.601094,4343318787.904024,4346649432.079105,4354277313.196689,4310679564.649624,4349997126.157979,4331994111.729749,4360694451.215784,4374298135.904914,4695685871.629837,4693455365.940866,4493362348.038595,4371166459.202898,4415478779.139624
chemicals 20,0.0,0.0,0.0,0.0,0.0,83725398.63161686,10070904.467588665,7370271.32160046,8244016.06061521,14743983.47730173,7918610.273630397,3657790.30777818,6413320.798219095,9234137.502576992,11771571.98189333,13709608.24421237,15106724.002571568,16240182.909268118,18668208.661448993,20786208.016080488,22437903.875326555,24836077.217933077,27030972.823530275,28673569.165658973,30160575.017071493,31524007.56871514,32781267.346112177,35235750.740597375,38143521.04637322,40376684.20661677,43054441.81072092,44016475.314584985,44865375.441717476,45435544.563430265,46817396.63109534,48689434.26150206
rubber and plastic products 22,0.0,0.0,0.0,0.0,0.0,0.0,0.0,0.0,0.0,0.0,0.0,0.0,0.0,0.0,0.0,0.0,0.0,0.0,0.0,0.0,0.0,0.0,0.0,0.0,0.0,0.0,0.0,0.0,0.0,0.0,0.0,0.0,0.0,0.0,0.0,0.0
glass and glass products 231,0.0,0.0,0.0,0.0,0.0,0.0,0.0,0.0,0.0,0.0,0.0,0.0,0.0,0.0,0.0,0.0,0.0,0.0,0.0,0.0,0.0,0.0,0.0,0.0,0.0,0.0,0.0,0.0,0.0,0.0,0.0,0.0,0.0,0.0,0.0,0.0
cement and other nonmetallic minerals 239,0.0,0.0,0.0,0.0,0.0,2607836704.3355427,2729004698.4678907,2602196358.1349206,2712599663.3761106,3086271098.706603,2808814744.7820807,2600283697.7617626,2471232353.988906,2365844177.176383,2334135846.622468,2298072576.8345656,2265947521.8286443,2237055097.815319,1855922929.1945245,1784956060.0259562,1706115571.9190037,1630796432.027886,1584067704.7296052,1544384044.7670972,1480326618.621224,1438993268.71497,1394242714.533795,1355502063.1224027,1326566144.247933,1305040768.449467,1271397566.2453206,1249780492.6335666,1230356100.665126,1209715226.5496423,1195054135.1988258,1184176725.1413767
iron and steel 241,0.0,0.0,0.0,0.0,0.0,244300194.93744546,247122080.30258945,291502344.75738037,283747657.27391875,275062319.3528347,256698312.91093925,230939148.81398574,221322690.22510424,224393203.3508548,225125178.00612426,222518368.56990132,217727239.1367406,209632858.33752477,209641886.82254812,213202490.99322915,214186739.0523889,216432287.03849617,218816891.05572674,220867382.74487478,223522019.8681168,225420285.90843263,226076835.33230603,228320158.09920028,232524604.7196136,234966945.3795863,235697276.51502585,235001841.0001736,232246180.255379,229060799.04213727,229197214.009912,231341540.734617
other metals 242,0.0,0.0,0.0,0.0,0.0,29833280.808080807,30743446.464646462,31173007.539267015,33860763.25167038,34993189.372133754,34604515.33595425,34450381.373204105,35202459.28614567,36481198.77958173,37530665.52802786,38416210.557426244,38924290.909650356,39004297.23546177,38983063.726572305,39079649.31877585,39317785.38658037,39688298.525845975,40089283.55876815,40401929.672521375,40633070.17093627,41035955.66331429,41343831.81183724,41583776.88243284,41977326.438688554,42391848.21185679,42599292.68019561,42666620.776857466,42721051.9693677,42823417.489144616,42931665.46135909,42921388.172844574
metal products except machinery and vehicles 25,0.0,0.0,0.0,0.0,0.0,0.0,0.0,0.0,0.0,0.0,0.0,0.0,0.0,0.0,0.0,0.0,0.0,0.0,0.0,0.0,0.0,0.0,0.0,0.0,0.0,0.0,0.0,0.0,0.0,0.0,0.0,0.0,0.0,0.0,0.0,0.0
computers and electronics 26,0.0,0.0,0.0,0.0,0.0,0.0,0.0,0.0,0.0,0.0,0.0,0.0,0.0,0.0,0.0,0.0,0.0,0.0,0.0,0.0,0.0,0.0,0.0,0.0,0.0,0.0,0.0,0.0,0.0,0.0,0.0,0.0,0.0,0.0,0.0,0.0
appliances and electrical equipment 27,0.0,0.0,0.0,0.0,0.0,0.0,0.0,0.0,0.0,0.0,0.0,0.0,0.0,0.0,0.0,0.0,0.0,0.0,0.0,0.0,0.0,0.0,0.0,0.0,0.0,0.0,0.0,0.0,0.0,0.0,0.0,0.0,0.0,0.0,0.0,0.0
other machinery 28,0.0,0.0,0.0,0.0,0.0,0.0,0.0,0.0,0.0,0.0,0.0,0.0,0.0,0.0,0.0,0.0,0.0,0.0,0.0,0.0,0.0,0.0,0.0,0.0,0.0,0.0,0.0,0.0,0.0,0.0,0.0,0.0,0.0,0.0,0.0,0.0
road vehicles 29,0.0,0.0,0.0,0.0,0.0,0.0,0.0,0.0,0.0,0.0,0.0,0.0,0.0,0.0,0.0,0.0,0.0,0.0,0.0,0.0,0.0,0.0,0.0,0.0,0.0,0.0,0.0,0.0,0.0,0.0,0.0,0.0,0.0,0.0,0.0,0.0
nonroad vehicles 30,0.0,0.0,0.0,0.0,0.0,0.0,0.0,0.0,0.0,0.0,0.0,0.0,0.0,0.0,0.0,0.0,0.0,0.0,0.0,0.0,0.0,0.0,0.0,0.0,0.0,0.0,0.0,0.0,0.0,0.0,0.0,0.0,0.0,0.0,0.0,0.0
other manufacturing 31T33,0.0,0.0,0.0,0.0,0.0,102198838.05923125,103056016.32010083,112051470.446096,121828999.81282711,119845476.01610379,116604709.92298359,114950656.5832644,114715188.77986129,115130051.32501008,116851622.15947884,118966673.6393759,121023212.07448317,124500169.29182254,127474051.93073656,130554747.39883381,133185005.53129499,134760844.3622034,136787454.6282813,139754830.43354258,141576158.07317874,144313406.12728143,146981593.65827698,149244167.3636013,151033723.15899205,152793934.2930213,154827418.61756188,158355942.7232358,160555110.15599436,162464316.2326249,164564991.17927432,166722622.4392856
energy pipelines and gas processing 352T353,0.0,0.0,0.0,0.0,0.0,24755977.121067684,24660499.523355577,28453960.47256266,31114222.22222222,35731281.06327241,36391914.86694681,36600021.29563009,38997785.6180437,42011825.58756539,42481789.87465235,43161106.143065065,42662141.09166924,41777194.0027475,40276067.38516563,39274197.91742829,38863072.75450632,38823895.37556113,38859653.19191159,38379585.42322318,38553581.02403733,38367531.71234176,37973347.98612461,37938576.62765675,38152017.80186885,38337687.94390652,38547393.277609736,38677210.76952386,38418398.030237414,38261092.98791796,38450195.62051673,38877493.68859748
water and waste 36T39,0.0,0.0,0.0,0.0,0.0,0.0,0.0,0.0,0.0,0.0,0.0,0.0,0.0,0.0,0.0,0.0,0.0,0.0,0.0,0.0,0.0,0.0,0.0,0.0,0.0,0.0,0.0,0.0,0.0,0.0,0.0,0.0,0.0,0.0,0.0,0.0
construction 41T43,0.0,0.0,0.0,0.0,0.0,0.0,0.0,0.0,0.0,0.0,0.0,0.0,0.0,0.0,0.0,0.0,0.0,0.0,0.0,0.0,0.0,0.0,0.0,0.0,0.0,0.0,0.0,0.0,0.0,0.0,0.0,0.0,0.0,0.0,0.0,0.0
