Imported Electricity (MW*hour),2020.0,2021.0,2022.0,2023.0,2024.0,2025.0,2026.0,2027.0,2028.0,2029.0,2030.0,2031.0,2032.0,2033.0,2034.0,2035.0,2036.0,2037.0,2038.0,2039.0,2040.0,2041.0,2042.0,2043.0,2044.0,2045.0,2046.0,2047.0,2048.0,2049.0,2050.0
hard coal,56569.8,56569.8,56569.8,28353.2,25023.3,2499.74,4002.7,5795.52,0.0,0.0,0.0,0.0,0.0,0.0,0.0,0.0,0.0,0.0,0.0,0.0,0.0,0.0,0.0,0.0,0.0,0.0,0.0,0.0,0.0,0.0,0.0
natural gas steam turbine,312486.0,312486.0,312486.0,261425.0,259912.0,243076.0,231491.0,202533.0,145180.0,134655.0,84858.3,84858.3,84858.3,84858.3,84858.3,84858.3,84858.3,84858.3,84858.3,84858.3,84858.3,84858.3,84858.3,84858.3,84858.3,84858.3,84858.3,84858.3,84858.3,84858.3,84858.3
natural gas combined cycle,0.0,0.0,0.0,0.0,0.0,0.0,0.0,0.0,0.0,0.0,0.0,0.0,0.0,0.0,0.0,0.0,0.0,0.0,0.0,0.0,0.0,0.0,0.0,0.0,0.0,0.0,0.0,0.0,0.0,0.0,0.0
nuclear,0.0,0.0,0.0,0.0,0.0,0.0,0.0,0.0,0.0,0.0,149999.0,149999.0,149999.0,149999.0,149999.0,149999.0,149999.0,149999.0,149999.0,149999.0,149999.0,149999.0,149999.0,149999.0,149999.0,149999.0,149999.0,149999.0,149999.0,149999.0,149999.0
hydro,951346.0,951346.0,951346.0,991041.0,990064.0,1020730.0,1023030.0,1032110.0,1069000.0,1062860.0,979059.0,979059.0,979059.0,979059.0,979059.0,979059.0,979059.0,979059.0,979059.0,979059.0,979059.0,979059.0,979059.0,979059.0,979059.0,979059.0,979059.0,979059.0,979059.0,979059.0,979059.0
onshore wind,236686.0,236686.0,236686.0,275884.0,281552.0,290778.0,298857.0,303867.0,327606.0,342824.0,330107.0,330107.0,330107.0,330107.0,330107.0,330107.0,330107.0,330107.0,330107.0,330107.0,330107.0,330107.0,330107.0,330107.0,330107.0,330107.0,330107.0,330107.0,330107.0,330107.0,330107.0
solar PV,49420.7,49420.7,49420.7,53135.4,53381.7,52940.8,52616.0,52081.9,54334.6,56304.4,52927.4,52927.4,52927.4,52927.4,52927.4,52927.4,52927.4,52927.4,52927.4,52927.4,52927.4,52927.4,52927.4,52927.4,52927.4,52927.4,52927.4,52927.4,52927.4,52927.4,52927.4
solar thermal,0.0,0.0,0.0,0.0,0.0,0.0,0.0,0.0,0.0,0.0,0.0,0.0,0.0,0.0,0.0,0.0,0.0,0.0,0.0,0.0,0.0,0.0,0.0,0.0,0.0,0.0,0.0,0.0,0.0,0.0,0.0
biomass,10148.3,10148.3,10148.3,6706.15,6617.63,6536.67,6534.39,6549.75,5490.09,5023.5,4202.83,4202.83,4202.83,4202.83,4202.83,4202.83,4202.83,4202.83,4202.83,4202.83,4202.83,4202.83,4202.83,4202.83,4202.83,4202.83,4202.83,4202.83,4202.83,4202.83,4202.83
geothermal,1771.79,1771.79,1771.79,1883.19,1877.74,1864.13,1894.79,15493.4,16818.1,16757.4,17275.1,17275.1,17275.1,17275.1,17275.1,17275.1,17275.1,17275.1,17275.1,17275.1,17275.1,17275.1,17275.1,17275.1,17275.1,17275.1,17275.1,17275.1,17275.1,17275.1,17275.1
petroleum,0.0,0.0,0.0,0.0,0.0,0.0,0.0,0.0,0.0,0.0,0.0,0.0,0.0,0.0,0.0,0.0,0.0,0.0,0.0,0.0,0.0,0.0,0.0,0.0,0.0,0.0,0.0,0.0,0.0,0.0,0.0
natural gas peaker,0.0,0.0,0.0,0.0,0.0,0.0,0.0,0.0,0.0,0.0,0.0,0.0,0.0,0.0,0.0,0.0,0.0,0.0,0.0,0.0,0.0,0.0,0.0,0.0,0.0,0.0,0.0,0.0,0.0,0.0,0.0
lignite,0.0,0.0,0.0,0.0,0.0,0.0,0.0,0.0,0.0,0.0,0.0,0.0,0.0,0.0,0.0,0.0,0.0,0.0,0.0,0.0,0.0,0.0,0.0,0.0,0.0,0.0,0.0,0.0,0.0,0.0,0.0
offshore wind,0.0,0.0,0.0,0.0,0.0,0.0,0.0,0.0,0.0,0.0,0.0,0.0,0.0,0.0,0.0,0.0,0.0,0.0,0.0,0.0,0.0,0.0,0.0,0.0,0.0,0.0,0.0,0.0,0.0,0.0,0.0
crude oil,0.0,0.0,0.0,0.0,0.0,0.0,0.0,0.0,0.0,0.0,0.0,0.0,0.0,0.0,0.0,0.0,0.0,0.0,0.0,0.0,0.0,0.0,0.0,0.0,0.0,0.0,0.0,0.0,0.0,0.0,0.0
heavy or residual fuel oil,0.0,0.0,0.0,0.0,0.0,0.0,0.0,0.0,0.0,0.0,0.0,0.0,0.0,0.0,0.0,0.0,0.0,0.0,0.0,0.0,0.0,0.0,0.0,0.0,0.0,0.0,0.0,0.0,0.0,0.0,0.0
municipal solid waste,0.0,0.0,0.0,0.0,0.0,0.0,0.0,0.0,0.0,0.0,0.0,0.0,0.0,0.0,0.0,0.0,0.0,0.0,0.0,0.0,0.0,0.0,0.0,0.0,0.0,0.0,0.0,0.0,0.0,0.0,0.0
hard coal w CCS,0.0,0.0,0.0,0.0,0.0,0.0,0.0,0.0,0.0,0.0,0.0,0.0,0.0,0.0,0.0,0.0,0.0,0.0,0.0,0.0,0.0,0.0,0.0,0.0,0.0,0.0,0.0,0.0,0.0,0.0,0.0
natural gas combined cycle w CCS,0.0,0.0,0.0,0.0,0.0,0.0,0.0,0.0,0.0,0.0,0.0,0.0,0.0,0.0,0.0,0.0,0.0,0.0,0.0,0.0,0.0,0.0,0.0,0.0,0.0,0.0,0.0,0.0,0.0,0.0,0.0
biomass w CCS,0.0,0.0,0.0,0.0,0.0,0.0,0.0,0.0,0.0,0.0,0.0,0.0,0.0,0.0,0.0,0.0,0.0,0.0,0.0,0.0,0.0,0.0,0.0,0.0,0.0,0.0,0.0,0.0,0.0,0.0,0.0
lignite w CCS,0.0,0.0,0.0,0.0,0.0,0.0,0.0,0.0,0.0,0.0,0.0,0.0,0.0,0.0,0.0,0.0,0.0,0.0,0.0,0.0,0.0,0.0,0.0,0.0,0.0,0.0,0.0,0.0,0.0,0.0,0.0
small modular reactor,0.0,0.0,0.0,0.0,0.0,0.0,0.0,0.0,0.0,0.0,0.0,0.0,0.0,0.0,0.0,0.0,0.0,0.0,0.0,0.0,0.0,0.0,0.0,0.0,0.0,0.0,0.0,0.0,0.0,0.0,0.0
hydrogen combustion turbine,0.0,0.0,0.0,0.0,0.0,0.0,0.0,0.0,0.0,0.0,0.0,0.0,0.0,0.0,0.0,0.0,0.0,0.0,0.0,0.0,0.0,0.0,0.0,0.0,0.0,0.0,0.0,0.0,0.0,0.0,0.0
hydrogen combined cycle,0.0,0.0,0.0,0.0,0.0,0.0,0.0,0.0,0.0,0.0,0.0,0.0,0.0,0.0,0.0,0.0,0.0,0.0,0.0,0.0,0.0,0.0,0.0,0.0,0.0,0.0,0.0,0.0,0.0,0.0,0.0
,,,,,,,,,,,,,,,,,,,,,,,,,,,,,,,
,,,,,,,,,,,,,,,,,,,,,,,,,,,,,,,
,,,,,,,,,,,,,,,,,,,,,,,,,,,,,,,
