Policy:,crop and rice measures,Unit: g CO2e,,,,,,,,,,,,,,,,,,,,,,,,,,,,,,
Lower Bound,Upper Bound,2020,2021,2022,2023,2024,2025,2026,2027,2028,2029,2030,2031,2032,2033,2034,2035,2036,2037,2038,2039,2040,2041,2042,2043,2044,2045,2046,2047,2048,2049,2050
-1150,-1100,2343160000,6649800000,10956400000,15263100000,19569700000,23876300000,19818300000,15760200000,11702200000,7644160000,3586120000,7303960000,11021800000,14739600000,18457500000,22175300000,18326900000,14478400000,10630000000,6781530000,2933080000,7576610000,12220100000,16863700000,21507200000,26150700000,24756900000,23363000000,21969200000,20575400000,19181500000
-1100,-1050,23623700000,18899000000,14174200000,9449490000,4724740000,0,3782750,7565490,11348200,15131000,18913700,108887000,198861000,288835000,378808000,468782000,462436000,456091000,449745000,443400000,437054000,349643000,262233000,174822000,87410800,0,0,0,0,0,0
-1050,-1000,0,0,0,0,0,0,895168,1790340,2685500,3580670,4475840,3580670,2685500,1790340,895168,0,0,0,0,0,0,0,0,0,0,0,0,0,0,0,0
-1000,-950,0,0,0,0,0,0,79348400,158697000,238045000,317393000,396742000,887841000,1378940000,1870040000,2361140000,2852240000,2281790000,1711340000,1140890000,570447000,0,0,0,0,0,0,201770000,403540000,605310000,807080000,1008850000
-950,-900,205809000,202495000,199181000,195867000,192553000,189239000,151391000,113544000,75695700,37847800,0,0,0,0,0,0,0,0,0,0,0,805911,1611820,2417730,3223650,4029560,3223650,2417730,1611820,805911,0
-900,-850,0,0,0,0,0,0,1031310000,2062630000,3093940000,4125260000,5156570000,5501450000,5846330000,6191210000,6536090000,6880970000,5504780000,4128580000,2752390000,1376190000,0,0,0,0,0,0,0,0,0,0,0
-850,-800,0,0,0,0,0,0,0,0,0,0,0,0,0,0,0,0,0,0,0,0,0,0,0,0,0,0,1708480000,3416960000,5125450000,6833930000,8542410000
-800,-750,0,0,0,0,0,0,0,0,0,0,0,0,0,0,0,0,0,0,0,0,0,148080000,296160000,444240000,592320000,740400000,592320000,444240000,296160000,148080000,0
-750,-700,0,0,0,0,0,0,3682120000,7364240000,11046400000,14728500000,18410600000,14728500000,11046400000,7364240000,3682120000,0,5558440000,11116900000,16675300000,22233800000,27792200000,24800400000,21808500000,18816700000,15824900000,12833000000,13536800000,14240500000,14944300000,15648000000,16351700000
-700,-650,0,4064180000,8128360000,12192500000,16256700000,20320900000,16256700000,12192500000,8128360000,4064180000,0,2962720000,5925440000,8888160000,11850900000,14813600000,11850900000,8888160000,5925440000,2962720000,0,0,0,0,0,0,86294300,172589000,258883000,345177000,431472000
-650,-600,22100100000,17680100000,13260100000,8840060000,4420030000,0,0,0,0,0,0,0,0,0,0,0,195932000,391863000,587795000,783727000,979659000,783727000,587795000,391863000,195932000,0,0,0,0,0,0
-600,-550,0,0,0,0,0,0,62047000,124094000,186141000,248188000,310235000,248188000,186141000,124094000,62047000,0,3477200000,6954400000,10431600000,13908800000,17386000000,15449100000,13512200000,11575200000,9638330000,7701410000,14491300000,21281200000,28071100000,34861000000,41650900000
-550,-500,0,0,0,0,0,0,0,0,0,0,0,0,0,0,0,0,0,0,0,0,0,0,0,0,0,0,216302000,432604000,648907000,865209000,1081510000
-500,-450,0,0,0,0,0,0,3235390000,6470790000,9706180000,12941600000,16177000000,13039300000,9901680000,6764040000,3626400000,488753000,391003000,293252000,195501000,97750700,0,0,0,0,0,0,331882000,663763000,995645000,1327530000,1659410000
-450,-400,0,0,0,0,0,0,0,0,0,0,0,0,0,0,0,0,0,0,0,0,0,986636000,1973270000,2959910000,3946540000,4933180000,3946540000,2959910000,1973270000,986636000,0
-400,-350,708860000,697446000,686032000,674618000,663205000,651791000,521433000,391074000,260716000,130358000,0,5152750000,10305500000,15458200000,20611000000,25763700000,21434300000,17104900000,12775500000,8446050000,4116630000,3808230000,3499840000,3191440000,2883050000,2574650000,3650970000,4727280000,5803590000,6879900000,7956210000
-350,-300,0,413203000,826407000,1239610000,1652810000,2066020000,1652810000,1239610000,826407000,413203000,0,16741300000,33482600000,50223900000,66965300000,83706600000,73764200000,63821900000,53879600000,43937200000,33994900000,45602300000,57209600000,68817000000,80424400000,92031800000,73625400000,55219100000,36812700000,18406400000,0
-300,-250,3282470000,2856010000,2429550000,2003080000,1576620000,1150160000,1800930000,2451700000,3102480000,3753250000,4404020000,4108430000,3812840000,3517250000,3221670000,2926080000,2492040000,2058010000,1623970000,1189940000,755905000,5860850000,10965800000,16070700000,21175700000,26280600000,21036200000,15791700000,10547200000,5302680000,58186500
-250,-200,41428600000,45128400000,48828200000,52527900000,56227700000,59927500000,48293600000,36659800000,25025900000,13392100000,1758220000,1406570000,1054930000,703286000,351643000,0,873272000,1746540000,2619810000,3493090000,4366360000,3656150000,2945940000,2235740000,1525530000,815323000,1292520000,1769710000,2246910000,2724110000,3201300000
-200,-150,148291000000,141608000000,134925000000,128242000000,121559000000,114875000000,100725000000,86574000000,72423200000,58272500000,44121800000,36103100000,28084500000,20065800000,12047200000,4028540000,3222830000,2417120000,1611410000,805707000,0,931293000,1862590000,2793880000,3725170000,4656470000,15554600000,26452700000,37350800000,48248900000,59147000000
-150,-100,8220430000,8088070000,7955700000,7823340000,7690980000,7558610000,7603270000,7647930000,7692580000,7737240000,7781900000,28223500000,48665200000,69106800000,89548500000,109990000000,100453000000,90916600000,81379800000,71843000000,62306300000,62319400000,62332500000,62345500000,62358600000,62371700000,52339600000,42307500000,32275400000,22243300000,12211200000
-100,-90,0,11136400000,22272700000,33409100000,44545400000,55681800000,46573400000,37465100000,28356800000,19248400000,10140100000,10619100000,11098100000,11577100000,12056100000,12535100000,10196100000,7857150000,5518160000,3179170000,840188000,672151000,504113000,336075000,168038000,0,141582000,283164000,424745000,566327000,707909000
-90,-80,60557100000,50636500000,40715800000,30795100000,20874400000,10953700000,17571500000,24189200000,30806900000,37424600000,44042400000,35233900000,26425400000,17616900000,8808470000,0,1762450000,3524910000,5287360000,7049820000,8812270000,7049820000,5287360000,3524910000,1762450000,0,176467000,352934000,529402000,705869000,882336000
-80,-70,11912800000,9652400000,7391960000,5131530000,2871100000,610664000,488531000,366398000,244266000,122133000,0,0,0,0,0,0,4769210000,9538410000,14307600000,19076800000,23846000000,20435600000,17025200000,13614800000,10204400000,6794000000,6797830000,6801650000,6805480000,6809300000,6813130000
-70,-60,0,0,0,0,0,0,0,0,0,0,0,0,0,0,0,0,2207560000,4415130000,6622690000,8830250000,11037800000,10796700000,10555700000,10314600000,10073500000,9832420000,7865940000,5899450000,3932970000,1966480000,0
-60,-50,0,0,0,0,0,0,11489500000,22978900000,34468400000,45957900000,57447400000,47873500000,38299600000,28725700000,19151900000,9578000000,7667550000,5757100000,3846650000,1936200000,25746900,20597500,15448100,10298800,5149380,0,0,0,0,0,0
-50,-40,4059140000,48881600000,93704100000,138527000000,183349000000,228171000000,183206000000,138240000000,93274500000,48308900000,3343240000,3465590000,3587930000,3710280000,3832630000,3954970000,3926260000,3897550000,3868840000,3840130000,3811420000,3677020000,3542610000,3408200000,3273800000,3139390000,2658400000,2177420000,1696430000,1215450000,734463000
-40,-30,241468000000,193208000000,144949000000,96689200000,48429500000,169821000,2004530000,3839230000,5673940000,7508650000,9343350000,7474680000,5606010000,3737340000,1868670000,0,134002000,268004000,402006000,536008000,670010000,536008000,402006000,268004000,134002000,0,769110000,1538220000,2307330000,3076440000,3845550000
-30,-20,3139020000,2572270000,2005520000,1438770000,872022000,305274000,244219000,183165000,122110000,61054800,0,0,0,0,0,0,0,0,0,0,0,19413200,38826500,58239700,77653000,97066200,77653000,58239700,38826500,19413200,0
-20,-10,0,0,0,0,0,0,47433400000,94866800000,142300000000,189734000000,237167000000,190068000000,142970000000,95870700000,48771900000,1673150000,44776900000,87880600000,130984000000,174088000000,217192000000,173919000000,130646000000,87373400000,44100700000,827911000,662329000,496747000,331164000,165582000,0
-10,0,115223000,113367000,111512000,109657000,107801000,105946000,10145500000,20185100000,30224700000,40264300000,50303900000,85086700000,119869000000,154652000000,189435000000,224218000000,179374000000,134531000000,89687200000,44843600000,0,4618080,9236150,13854200,18472300,23090400,43453400000,86883700000,130314000000,173744000000,217175000000
0,0,0,0,0,0,0,0,0,0,0,0,0,0,0,0,0,0,0,0,0,0,0,0,0,0,0,0,0,0,0,0,0
0.1,10,38517900,37897700,37277500,36657300,36037100,35416900,1280210000,2525010000,3769810000,5014600000,6259400000,6791020000,7322630000,7854250000,8385870000,8917480000,8780160000,8642840000,8505520000,8368210000,8230890000,47125900000,86020900000,124916000000,163811000000,202706000000,164324000000,125942000000,87559900000,49177800000,10795800000
10,20,6648460000,6541410000,6434360000,6327300000,6220250000,6113200000,4890560000,3667920000,2445280000,1222640000,0,0,0,0,0,0,8685930000,17371900000,26057800000,34743700000,43429700000,34743700000,26057800000,17371900000,8685930000,0,4281300000,8562600000,12843900000,17125200000,21406500000
20,30,0,0,0,0,0,0,9686010000,19372000000,29058000000,38744100000,48430100000,38744100000,29058000000,19372000000,9686010000,0,766633000,1533270000,2299900000,3066530000,3833170000,3119310000,2405450000,1691590000,977734000,263876000,8697160000,17130400000,25563700000,33997000000,42430300000
30,40,2951600000,2904070000,2856550000,2809020000,2761490000,2713970000,2989110000,3264250000,3539390000,3814520000,4089660000,12813900000,21538200000,30262400000,38986700000,47710900000,43318700000,38926500000,34534400000,30142200000,25750000000,26895700000,28041400000,29187100000,30332900000,31478600000,46701400000,61924300000,77147100000,92370000000,107593000000
40,50,115223000,113367000,111512000,109657000,107801000,105946000,4153340000,8200740000,12248100000,16295500000,20342900000,16274300000,12205800000,8137170000,4068580000,0,19716400000,39432800000,59149200000,78865600000,98582000000,83213600000,67845200000,52476800000,37108400000,21740000000,22148000000,22555900000,22963900000,23371800000,23779700000
50,60,65428200000,64374700000,63321200000,62267700000,61214200000,60160700000,48354400000,36548100000,24741900000,12935600000,1129310000,1703980000,2278640000,2853310000,3427980000,4002640000,3202110000,2401590000,1601060000,800528000,0,9679760000,19359500000,29039300000,38719000000,48398800000,38719000000,29039300000,19359500000,9679760000,0
60,70,0,0,0,0,0,0,38913200000,77826400000,116740000000,155653000000,194566000000,155865000000,117164000000,78463500000,39762800000,1061980000,849583000,637187000,424791000,212396000,0,9926710000,19853400000,29780100000,39706800000,49633500000,39717700000,29801800000,19885900000,9970010000,54132000
70,80,185784000000,148628000000,111471000000,74313800000,37156900000,0,0,0,0,0,0,50275700000,100551000000,150827000000,201103000000,251378000000,201103000000,150827000000,100551000000,50275700000,0,0,0,0,0,0,0,0,0,0,0
80,90,939895000,35090200000,69240500000,103391000000,137541000000,171691000000,137353000000,103015000000,68676600000,34338300000,0,0,0,0,0,0,39036000000,78072100000,117108000000,156144000000,195180000000,156270000000,117359000000,78448400000,39537800000,627269000,648784000,670299000,691815000,713330000,734846000
90,100,0,0,0,0,0,0,0,0,0,0,0,136171000,272342000,408513000,544685000,680856000,641628000,602401000,563174000,523947000,484720000,387776000,290832000,193888000,96943900,0,0,0,0,0,0
100,150,2463130000,2162770000,1862410000,1562050000,1261690000,961325000,769060000,576795000,384530000,192265000,0,0,0,0,0,0,500479000,1000960000,1501440000,2001910000,2502390000,45272200000,88041900000,130812000000,173581000000,216351000000,211966000000,207582000000,203197000000,198812000000,194428000000
150,200,14159400000,14192100000,14224900000,14257600000,14290300000,14323000000,11809600000,9296120000,6782690000,4269260000,1755830000,1905510000,2055180000,2204850000,2354520000,2504190000,2003350000,1502520000,1001680000,500839000,0,0,0,0,0,0,0,0,0,0,0
200,250,37731400000,37123900000,36516400000,35908800000,35301300000,34693700000,27817000000,20940300000,14063500000,7186770000,310030000,325151000,340273000,355395000,370516000,385638000,1458490000,2531330000,3604180000,4677030000,5749880000,6364700000,6979530000,7594350000,8209170000,8823990000,7254050000,5684110000,4114160000,2544220000,974278000
250,300,0,0,0,0,0,0,4065410000,8130820000,12196200000,16261600000,20327000000,16657500000,12987900000,9318360000,5648790000,1979230000,1862040000,1744860000,1627670000,1510480000,1393300000,1116310000,839316000,562327000,285337000,8346930,336081000,663815000,991549000,1319280000,1647020000
300,350,117182000000,114655000000,112129000000,109603000000,107077000000,104551000000,113961000000,123371000000,132782000000,142192000000,151602000000,127790000000,103979000000,80167000000,56355300000,32543600000,28771700000,24999900000,21228100000,17456300000,13684500000,10947600000,8210730000,5473820000,2736910000,0,0,0,0,0,0
350,400,16472200000,13818400000,11164600000,8510850000,5857070000,3203280000,2562620000,1921970000,1281310000,640656000,0,0,0,0,0,0,11106300000,22212700000,33319000000,44425400000,55531700000,59547300000,63562900000,67578500000,71594100000,75609700000,64727100000,53844500000,42961800000,32079200000,21196500000
400,450,7318370,3035070000,6062820000,9090560000,12118300000,15146100000,19806100000,24466000000,29126000000,33786000000,38446000000,31947100000,25448200000,18949200000,12450300000,5951390000,27113900000,48276400000,69438900000,90601400000,111764000000,89411100000,67058300000,44705600000,22352800000,0,134591000,269181000,403772000,538363000,672953000
450,500,40342000000,39767800000,39193600000,38619400000,38045300000,37471100000,29976900000,22482700000,14988400000,7494220000,0,128592000,257184000,385776000,514368000,642960000,514368000,385776000,257184000,128592000,0,23879600000,47759200000,71638700000,95518300000,119398000000,96701400000,74004900000,51308400000,28611900000,5915450000
500,550,669666000,535733000,401800000,267866000,133933000,0,835888000,1671780000,2507660000,3343550000,4179440000,3344960000,2510480000,1676010000,841529000,7051740,144541000,282031000,419521000,557010000,694500000,8235230000,15776000000,23316700000,30857400000,38398100000,31760800000,25123400000,18486000000,11848700000,5211300000
550,600,581982000,513342000,444703000,376063000,307424000,238784000,268852000,298919000,328986000,359053000,389120000,7903370000,15417600000,22931900000,30446100000,37960400000,30368300000,22776200000,15184100000,7592070000,0,0,0,0,0,0,154883000,309766000,464649000,619532000,774415000
600,650,0,107025000,214051000,321076000,428102000,535127000,428102000,321076000,214051000,107025000,0,21976400000,43952700000,65929100000,87905400000,109882000000,87905400000,65929100000,43952700000,21976400000,0,0,0,0,0,0,0,0,0,0,0
650,700,575849000,566577000,557305000,548033000,538760000,529488000,514558000,499627000,484696000,469765000,454835000,7650320000,14845800000,22041300000,29236800000,36432300000,29145800000,21859400000,14572900000,7286450000,0,0,0,0,0,0,0,0,0,0,0
700,750,0,1442700,2885410,4328110,5770820,7213520,9110680,11007800,12905000,14802100,16699300,13359400,10019600,6679710,3339860,0,99326400,198653000,297979000,397306000,496632000,397306000,297979000,198653000,99326400,0,0,0,0,0,0
750,800,6118170000,6018220000,5918260000,5818310000,5718350000,5618400000,4494720000,3371040000,2247360000,1123680000,0,0,0,0,0,0,0,0,0,0,0,0,0,0,0,0,0,0,0,0,0
800,850,0,0,0,0,0,0,0,0,0,0,0,931084000,1862170000,2793250000,3724340000,4655420000,3724340000,2793250000,1862170000,931084000,0,0,0,0,0,0,0,0,0,0,0
850,900,0,0,0,0,0,0,0,0,0,0,0,0,0,0,0,0,0,0,0,0,0,0,0,0,0,0,25276000000,50551900000,75827900000,101104000000,126380000000
900,950,3325390000,2660310000,1995240000,1330160000,665079000,0,0,0,0,0,0,0,0,0,0,0,0,0,0,0,0,0,0,0,0,0,76780600,153561000,230342000,307122000,383903000
950,1000,0,0,0,0,0,0,0,0,0,0,0,0,0,0,0,0,0,0,0,0,0,479834000,959667000,1439500000,1919330000,2399170000,1919330000,1439500000,959667000,479834000,0
1000,1050,11935900000,10160300000,8384630000,6608980000,4833320000,3057670000,2446140000,1834600000,1223070000,611534000,0,0,0,0,0,0,0,0,0,0,0,608549,1217100,1825650,2434200,3042740,2434200,1825650,1217100,608549,0
1050,1100,0,2195000000,4390000000,6585000000,8779990000,10975000000,8779990000,6585000000,4390000000,2195000000,0,0,0,0,0,0,0,0,0,0,0,0,0,0,0,0,0,0,0,0,0
1100,1150,0,1875010,3750020,5625030,7500040,9375050,37278300,65181500,93084800,120988000,148891000,119113000,89334700,59556500,29778200,0,0,0,0,0,0,0,0,0,0,0,0,0,0,0,0
1150,1200,439017000,351214000,263410000,175607000,87803500,0,0,0,0,0,0,0,0,0,0,0,0,0,0,0,0,29412300,58824600,88236900,117649000,147061000,117649000,88236900,58824600,29412300,0
1200,1250,0,80734500,161469000,242204000,322938000,403673000,322938000,242204000,161469000,80734500,0,0,0,0,0,0,94827000,189654000,284481000,379308000,474135000,379308000,284481000,189654000,94827000,0,0,0,0,0,0
1250,1300,332478000,265982000,199487000,132991000,66495600,0,0,0,0,0,0,2646100000,5292200000,7938300000,10584400000,13230500000,10584400000,7938300000,5292200000,2646100000,0,0,0,0,0,0,3960380000,7920760000,11881100000,15841500000,19801900000
1300,1350,0,59267100,118534000,177801000,237068000,296335000,237068000,177801000,118534000,59267100,0,0,0,0,0,0,0,0,0,0,0,0,0,0,0,0,0,0,0,0,0
1350,1400,0,0,0,0,0,0,486033000,972066000,1458100000,1944130000,2430170000,1944130000,1458100000,972066000,486033000,0,0,0,0,0,0,0,0,0,0,0,0,0,0,0,0
1400,1450,0,0,0,0,0,0,0,0,0,0,0,186175000,372350000,558525000,744700000,930875000,1468800000,2006720000,2544630000,3082550000,3620470000,2896380000,2172280000,1448190000,724095000,0,0,0,0,0,0
1450,1500,0,0,0,0,0,0,0,0,0,0,0,0,0,0,0,0,2400890000,4801770000,7202660000,9603540000,12004400000,9603540000,7202660000,4801770000,2400890000,0,0,0,0,0,0
1500,1550,0,0,0,0,0,0,43383700,86767400,130151000,173535000,216919000,1390880000,2564840000,3738800000,4912760000,6086720000,4869370000,3652030000,2434690000,1217340000,0,0,0,0,0,0,0,0,0,0,0
1550,1600,6585080000,6479050000,6373020000,6266980000,6160950000,6054920000,6977730000,7900540000,8823340000,9746150000,10669000000,9279910000,7890860000,6501810000,5112760000,3723710000,4312770000,4901840000,5490900000,6079960000,6669030000,8649700000,10630400000,12611000000,14591700000,16572400000,15017500000,13462700000,11907900000,10353000000,8798190000
